Cluster,Cluster_Name,Merchant_Id,Transaction_Count,Total_Revenue,Avg_Transaction,Merchant_Score
0,💎 High-Value Loyalists,8,5916,1519548.4,256.85402298850573,3578.752463486959
0,💎 High-Value Loyalists,54,1706,506869.1,297.1096717467761,1033.3242594776302
0,💎 High-Value Loyalists,3,1369,394006.2,287.8058436815194,828.9589901309728
0,💎 High-Value Loyalists,7,1205,361291.8,299.8272199170124,729.9313659292707
0,💎 High-Value Loyalists,29,720,264103.2,366.81,437.06680727957666
0,💎 High-Value Loyalists,26,578,120154.8,207.880276816609,349.1051640999279
0,💎 High-Value Loyalists,13,391,183427.8,469.1248081841432,238.11905358328383
0,💎 High-Value Loyalists,40,279,85201.0,305.3799283154122,169.03457711616977
0,💎 High-Value Loyalists,33,243,56093.5,230.83744855967078,146.8761511187177
0,💎 High-Value Loyalists,22,225,52836.3,234.828,136.01366189226746
0,💎 High-Value Loyalists,35,49,4020.0,82.04081632653062,29.477123508022235
0,💎 High-Value Loyalists,9,40,30483.4,762.085,24.58482257324503
0,💎 High-Value Loyalists,37,38,13586.0,357.5263157894737,23.060646761191567
0,💎 High-Value Loyalists,43,35,23820.9,680.5971428571429,21.457002828917133
0,💎 High-Value Loyalists,47,26,10976.0,422.15384615384613,15.810574035833845
0,💎 High-Value Loyalists,46,22,9729.0,442.22727272727275,13.386650400385156
0,💎 High-Value Loyalists,4,19,7424.0,390.7368421052632,11.54242908546196
0,💎 High-Value Loyalists,52,13,3432.0,264.0,7.865842756102565
0,💎 High-Value Loyalists,51,10,1632.0,163.2,6.031309842062758
0,💎 High-Value Loyalists,44,9,6412.2,712.4666666666667,5.523017750781139
0,💎 High-Value Loyalists,2,9,3455.0,383.8888888888889,5.466284010004185
0,💎 High-Value Loyalists,55,9,2281.0,253.44444444444446,5.443760876069333
0,💎 High-Value Loyalists,19,7,4519.9,645.6999999999999,4.28671406564918
0,💎 High-Value Loyalists,25,7,2730.0,390.0,4.252374919627041
0,💎 High-Value Loyalists,12,7,2568.9,366.9857142857143,4.249284223820478
0,💎 High-Value Loyalists,21,7,1560.0,222.85714285714286,4.229928525501166
0,💎 High-Value Loyalists,17,6,1816.0,302.6666666666667,3.634839873275716
0,💎 High-Value Loyalists,31,6,302.5,50.416666666666664,3.6058034480539116
0,💎 High-Value Loyalists,28,5,2399.0,479.8,3.046024700434165
0,💎 High-Value Loyalists,16,5,1442.0,288.4,3.0276647011363345
0,💎 High-Value Loyalists,38,4,694.0,173.5,2.41331435685757
0,💎 High-Value Loyalists,18,4,281.0,70.25,2.4053909715806587
0,💎 High-Value Loyalists,23,3,2148.0,716.0,1.8412092774208362
0,💎 High-Value Loyalists,42,3,1500.0,500.0,1.8287774283665057
0,💎 High-Value Loyalists,15,2,928.0,464.0,1.2178036356827449
0,💎 High-Value Loyalists,27,2,882.0,441.0,1.2169211278795053
0,💎 High-Value Loyalists,36,2,550.0,275.0,1.2105517237343855
0,💎 High-Value Loyalists,6,2,104.0,52.0,1.201995235033411
0,💎 High-Value Loyalists,32,2,4.0,2.0,1.2000767398089773
0,💎 High-Value Loyalists,45,2,4.0,2.0,1.2000767398089773
0,💎 High-Value Loyalists,56,2,4.0,2.0,1.2000767398089773
0,💎 High-Value Loyalists,11,1,769.0,769.0,0.6147532282758953
0,💎 High-Value Loyalists,48,1,274.0,274.0,0.6052566769149483
0,💎 High-Value Loyalists,50,1,200.0,200.0,0.6038369904488674
0,💎 High-Value Loyalists,41,1,199.0,199.0,0.6038178054966231
0,💎 High-Value Loyalists,0,1,198.0,198.0,0.6037986205443787
0,💎 High-Value Loyalists,49,1,60.0,60.0,0.6011510971346602
0,💎 High-Value Loyalists,1,1,2.0,2.0,0.6000383699044887
0,💎 High-Value Loyalists,5,1,2.0,2.0,0.6000383699044887
0,💎 High-Value Loyalists,20,1,2.0,2.0,0.6000383699044887
0,💎 High-Value Loyalists,24,1,2.0,2.0,0.6000383699044887
0,💎 High-Value Loyalists,30,1,2.0,2.0,0.6000383699044887
1,😴 At-Risk/Dormant,8,5343,1028207.3,192.44007112109304,3225.5261079477787
1,😴 At-Risk/Dormant,3,3646,683491.0,187.46324739440482,2200.712742194434
1,😴 At-Risk/Dormant,7,1365,242203.2,177.43824175824176,823.6466568254257
1,😴 At-Risk/Dormant,54,1301,221711.2,170.41598770176788,784.8535187840347
1,😴 At-Risk/Dormant,29,914,182599.0,199.7800875273523,551.9031530948637
1,😴 At-Risk/Dormant,40,592,111324.2,188.04763513513512,357.335749460639
1,😴 At-Risk/Dormant,26,510,83700.3,164.11823529411765,307.6057862583367
1,😴 At-Risk/Dormant,33,462,79202.2,171.43333333333334,278.71949042464644
1,😴 At-Risk/Dormant,13,232,47244.4,203.6396551724138,140.10638155781237
1,😴 At-Risk/Dormant,22,168,29072.4,173.05,101.35775260562826
1,😴 At-Risk/Dormant,9,86,16878.3,196.2593023255814,51.923809379465595
1,😴 At-Risk/Dormant,4,69,13656.0,197.91304347826087,41.66198970784867
1,😴 At-Risk/Dormant,35,65,7692.9,118.35230769230769,39.14758791912046
1,😴 At-Risk/Dormant,46,39,10386.1,266.31025641025644,23.59925683250491
1,😴 At-Risk/Dormant,43,36,9218.0,256.05555555555554,21.7768468897883
1,😴 At-Risk/Dormant,37,35,6290.0,179.71428571428572,21.120673349616883
1,😴 At-Risk/Dormant,47,17,2506.0,147.41176470588235,10.248077490324308
1,😴 At-Risk/Dormant,44,14,3573.6,255.25714285714284,8.468559345340363
1,😴 At-Risk/Dormant,17,8,1293.0,161.625,4.824806143251928
1,😴 At-Risk/Dormant,51,8,1170.2,146.275,4.822450231116323
1,😴 At-Risk/Dormant,28,6,1616.9,269.48333333333335,3.6310201492838687
1,😴 At-Risk/Dormant,2,5,1880.0,376.0,3.036067710219354
1,😴 At-Risk/Dormant,25,5,1190.0,238.0,3.0228300931707612
1,😴 At-Risk/Dormant,31,5,1039.5,207.9,3.0199427578579887
1,😴 At-Risk/Dormant,38,5,984.0,196.8,3.0188779930084277
1,😴 At-Risk/Dormant,49,3,569.0,189.66666666666666,1.8109162378270278
1,😴 At-Risk/Dormant,11,3,524.0,174.66666666666666,1.8100529149760325
1,😴 At-Risk/Dormant,24,2,994.0,497.0,1.2190698425308713
1,😴 At-Risk/Dormant,19,2,449.0,224.5,1.2086140435577073
1,😴 At-Risk/Dormant,1,1,472.4,472.4,0.6090629714402249
1,😴 At-Risk/Dormant,0,1,240.0,240.0,0.604604388538641
1,😴 At-Risk/Dormant,39,1,238.0,238.0,0.6045660186341523
1,😴 At-Risk/Dormant,6,1,188.0,188.0,0.6036067710219354
1,😴 At-Risk/Dormant,16,1,150.0,150.0,0.6028777428366505
1,😴 At-Risk/Dormant,23,1,150.0,150.0,0.6028777428366505
1,😴 At-Risk/Dormant,48,1,140.0,140.0,0.6026858933142072
1,😴 At-Risk/Dormant,5,1,52.0,52.0,0.6009976175167056
1,😴 At-Risk/Dormant,36,1,18.0,18.0,0.6003453291403981
2,🛒 Regular Customers,8,730,1532543.1,2099.3741095890414,467.40176618588856
2,🛒 Regular Customers,54,279,540155.8,1936.0422939068103,177.76286322750178
2,🛒 Regular Customers,29,278,488191.0,1756.0827338129495,176.16592102111522
2,🛒 Regular Customers,3,187,339211.2,1813.9636363636364,118.70775067274434
2,🛒 Regular Customers,13,82,138417.5,1688.0182926829268,51.855533127280545
2,🛒 Regular Customers,7,72,73653.2,1022.9611111111111,44.61303312464262
2,🛒 Regular Customers,47,47,107941.5,2296.627659574468,30.270852522682127
2,🛒 Regular Customers,40,43,70812.3,1646.7976744186046,27.158530593811683
2,🛒 Regular Customers,26,38,63678.2,1675.7421052631578,24.02166322600536
2,🛒 Regular Customers,46,35,71948.0,2055.657142857143,22.380318944075576
2,🛒 Regular Customers,9,25,36736.8,1469.4720000000002,15.704793753609769
2,🛒 Regular Customers,43,25,35687.9,1427.516,15.684670657200684
2,🛒 Regular Customers,22,24,44786.8,1866.1166666666668,15.259232619176682
2,🛒 Regular Customers,44,15,22078.0,1471.8666666666666,9.423565375650478
2,🛒 Regular Customers,33,12,17886.0,1490.5,7.543142055842216
2,🛒 Regular Customers,4,10,18064.0,1806.4,6.346556977341708
2,🛒 Regular Customers,28,6,13970.0,2328.3333333333335,3.868013782853391
2,🛒 Regular Customers,25,4,4160.0,1040.0,2.4798094013364427
2,🛒 Regular Customers,11,4,3537.0,884.25,2.467857176088221
2,🛒 Regular Customers,18,3,5164.0,1721.3333333333333,1.8990710933897574
2,🛒 Regular Customers,0,3,3984.0,1328.0,1.8764328497414395
2,🛒 Regular Customers,16,1,2280.0,2280.0,0.6437416911170889
2,🛒 Regular Customers,37,1,2194.0,2194.0,0.642091785224076
2,🛒 Regular Customers,39,1,2000.0,2000.0,0.6383699044886745
2,🛒 Regular Customers,1,1,1674.0,1674.0,0.6321156100570205
2,🛒 Regular Customers,20,1,1438.0,1438.0,0.627587961327357
2,🛒 Regular Customers,17,1,1126.0,1126.0,0.6216022562271237
2,🛒 Regular Customers,23,1,800.0,800.0,0.6153479617954698
2,🛒 Regular Customers,52,1,500.0,500.0,0.6095924761221686
3,🆕 Recent Shoppers,8,7314,2084967.4,285.06527208094064,4428.4
3,🆕 Recent Shoppers,3,1684,463433.0,275.1977434679335,1019.2909399734499
3,🆕 Recent Shoppers,29,1049,345308.4,329.178646329838,636.0247251635685
3,🆕 Recent Shoppers,54,983,243209.0,247.41505595116988,594.465953050393
3,🆕 Recent Shoppers,7,742,184145.1,248.17398921832884,448.7328149495287
3,🆕 Recent Shoppers,33,585,133898.7,228.88666666666668,353.5688401650788
3,🆕 Recent Shoppers,26,344,88627.8,257.6389534883721,208.10032011052067
3,🆕 Recent Shoppers,47,221,71806.5,324.91628959276017,133.977604273333
3,🆕 Recent Shoppers,13,202,64480.4,319.209900990099,122.43705339469575
3,🆕 Recent Shoppers,22,136,36144.2,265.7661764705882,82.29342475090976
3,🆕 Recent Shoppers,40,98,22699.1,231.62346938775508,59.23548114948943
3,🆕 Recent Shoppers,4,48,14283.3,297.56874999999997,29.07402442839154
3,🆕 Recent Shoppers,46,34,16951.0,498.55882352941177,20.72520412549376
3,🆕 Recent Shoppers,52,33,7771.0,235.4848484848485,19.949086263890745
3,🆕 Recent Shoppers,55,32,8094.2,252.94375,19.355286840456113
3,🆕 Recent Shoppers,11,28,10096.0,360.57142857142856,16.99369127785883
3,🆕 Recent Shoppers,12,28,7596.8,271.31428571428575,16.94574424520978
3,🆕 Recent Shoppers,31,20,6592.0,329.6,12.126467205194672
3,🆕 Recent Shoppers,35,20,4421.0,221.05,12.084816673872215
3,🆕 Recent Shoppers,37,14,3390.0,242.14285714285714,8.465036988108304
3,🆕 Recent Shoppers,25,9,4620.0,513.3333333333334,5.488634479368837
3,🆕 Recent Shoppers,28,9,3495.0,388.3333333333333,5.467051408093958
3,🆕 Recent Shoppers,1,8,4008.0,501.0,4.876893288595303
3,🆕 Recent Shoppers,43,8,2568.4,321.05,4.849274631344356
3,🆕 Recent Shoppers,18,7,2758.0,394.0,4.252912098289882
3,🆕 Recent Shoppers,9,6,1480.5,246.75,3.628403321797741
3,🆕 Recent Shoppers,21,5,2652.0,530.4,3.0508784933519824
3,🆕 Recent Shoppers,53,4,1274.0,318.5,2.4244416291592854
3,🆕 Recent Shoppers,17,4,692.0,173.0,2.413275986953081
3,🆕 Recent Shoppers,19,3,1627.0,542.3333333333334,1.8312139173015365
3,🆕 Recent Shoppers,6,3,808.0,269.3333333333333,1.8155014414134243
3,🆕 Recent Shoppers,2,2,1175.0,587.5,1.2225423188870963
3,🆕 Recent Shoppers,51,2,450.0,225.0,1.2086332285099517
3,🆕 Recent Shoppers,5,1,990.0,990.0,0.6189931027218939
3,🆕 Recent Shoppers,16,1,656.0,656.0,0.6125853286722852
3,🆕 Recent Shoppers,39,1,600.0,600.0,0.6115109713466024
3,🆕 Recent Shoppers,15,1,322.0,322.0,0.6061775546226765
3,🆕 Recent Shoppers,14,1,220.0,220.0,0.6042206894937542
3,🆕 Recent Shoppers,34,1,195.0,195.0,0.6037410656876457
3,🆕 Recent Shoppers,50,1,168.0,168.0,0.6032230719770486
3,🆕 Recent Shoppers,23,1,142.0,142.0,0.6027242632186959
3,🆕 Recent Shoppers,38,1,30.0,30.0,0.6005755485673301
4,🌟 VIP Champions,8,58,325578.3,5613.418965517241,41.046204137292506
4,🌟 VIP Champions,28,17,133338.0,7843.411764705882,12.75808316235544
4,🌟 VIP Champions,3,10,10794.2,1079.42,6.207086211515826
4,🌟 VIP Champions,46,3,15980.0,5326.666666666667,2.106575536864509
4,🌟 VIP Champions,7,3,5065.5,1688.5,1.8971813755936902
4,🌟 VIP Champions,29,2,1792.0,896.0,1.2343794344218524
